anio;LINEA;TOTAL
2019;"624_NO APLICACION";6591
2019;"ATRIBUTO SOCIAL";183733205
2019;"ESCOLAR INICIAL Y PRIMARIO CABA";192484
2019;"ESCOLAR PRIMARIO BSAS";1309492
2019;"ESCOLAR SECUNDARIO BSAS";3576153
2019;"ESCOLAR SECUNDARIO CABA";884776
2019;"FFCC BELGRANO NORTE";16375539
2019;"FFCC BELGRANO SUR";10116012
2019;"FFCC MITRE";365803
2019;"FFCC MITRE CAPILLA DEL SEÑOR";17332
2019;"FFCC MITRE-SUAREZ";16117182
2019;"FFCC MITRE-TIGRE";16695732
2019;"FFCC MITRE-ZARATE";37684
2019;"FFCC ROCA";101490327
2019;"FFCC SAN MARTIN";17983125
2019;"FFCC SARMIENTO";53005152
2019;"FFCC TREN DE LA COSTA";372794
2019;"FFCC URQUIZA";15617193
2019;FFCC_ROCA_CAÑUELAS-LOBOS;17282
2019;FFCC_ROCA_CAÑUELAS-MONTE;25101
2019;FFCC_ROCA_KORN-CHASCOMUS;63821
2019;FFCC_ROCA_UNIVERSITARIO;234475
2019;"LINEA 061";2205816
2019;"LINEA 1";2548729
2019;"LINEA 10";5322587
2019;"LINEA 100";7467403
2019;"LINEA 101";7931687
2019;"LINEA 102";4653833
2019;"LINEA 103";5070585
2019;"LINEA 104";1
2019;"LINEA 105";6281367
2019;"LINEA 106";7469094
2019;"LINEA 107";6630892
2019;"LINEA 108";3783209
2019;"LINEA 109";5037913
2019;"LINEA 110";7270424
2019;"LINEA 111";4659126
2019;"LINEA 112";205353
2019;"LINEA 113";6187850
2019;"LINEA 114";5684849
2019;"LINEA 115";4022455
2019;"LINEA 117";6732386
2019;"LINEA 118";4799314
2019;"LINEA 12";10534069
2019;"LINEA 123";2330137
2019;"LINEA 124";5587226
2019;"LINEA 126";7893093
2019;"LINEA 127";4230486
2019;"LINEA 128";4268488
2019;"LINEA 129";7420061
2019;"LINEA 130";9362459
2019;"LINEA 132";11783676
2019;"LINEA 133";4805820
2019;"LINEA 134";5184451
2019;"LINEA 135";5297370
2019;"LINEA 136 BS AS";3747259
2019;"LINEA 140";4355477
2019;"LINEA 141";4565364
2019;"LINEA 143";4049269
2019;"LINEA 146";5702607
2019;"LINEA 148";14575935
2019;"LINEA 15";11623082
2019;"LINEA 150";4110943
2019;"LINEA 151";5941436
2019;"LINEA 152";17011398
2019;"LINEA 153 BS AS";2189494
2019;"LINEA 154";951384
2019;"LINEA 158";3110807
2019;"LINEA 159";14157973
2019;"LINEA 160";10450305
2019;"LINEA 161";9772433
2019;"LINEA 163 BS AS";2649633
2019;"LINEA 165";696437
2019;"LINEA 166";7828396
2019;"LINEA 168";8459582
2019;"LINEA 169";3278680
2019;"LINEA 17";8138278
2019;"LINEA 172";3512820
2019;"LINEA 174 BS AS";5178509
2019;"LINEA 175";2584348
2019;"LINEA 176";13722497
2019;"LINEA 177";4996331
2019;"LINEA 178";9521160
2019;"LINEA 179";3093645
2019;"LINEA 180";12224839
2019;"LINEA 181";4790198
2019;"LINEA 182";7803758
2019;"LINEA 184";3486949
2019;"LINEA 185";2321241
2019;"LINEA 188";5959440
2019;"LINEA 19";4474767
2019;"LINEA 193";1183683
2019;"LINEA 194";4286654
2019;"LINEA 195";1970498
2019;"LINEA 2";5955732
2019;"LINEA 20";2697914
2019;"LINEA 200";677279
2019;"LINEA 202";7487873
2019;"LINEA 203";25007910
2019;"LINEA 204";1520040
2019;"LINEA 204B";1336589
2019;"LINEA 205";2248124
2019;"LINEA 21";13765563
2019;"LINEA 214";4186373
2019;"LINEA 215";1422823
2019;"LINEA 218";6266544
2019;"LINEA 219";4662954
2019;"LINEA 22";4199122
2019;"LINEA 222";888793
2019;"LINEA 225";254742
2019;"LINEA 228 B";1439528
2019;"LINEA 228A";182317
2019;"LINEA 228C";1454321
2019;"LINEA 228E";1715196
2019;"LINEA 228F";2278215
2019;"LINEA 23";2290344
2019;"LINEA 236";17421104
2019;"LINEA 237A";10846254
2019;"LINEA 238";3793701
2019;"LINEA 239A";3331341
2019;"LINEA 239B";1546690
2019;"LINEA 24";8411474
2019;"LINEA 242";15417680
2019;"LINEA 243";78057
2019;"LINEA 244";2024893
2019;"LINEA 245";1365734
2019;"LINEA 247";8916045
2019;"LINEA 25";3881303
2019;"LINEA 252";3794813
2019;"LINEA 253 BS AS";434226
2019;"LINEA 256";80759
2019;"LINEA 257";6892407
2019;"LINEA 26";5609536
2019;"LINEA 263A";1776312
2019;"LINEA 263B";2503025
2019;"LINEA 264";2986983
2019;"LINEA 266";13835254
2019;"LINEA 269";11165427
2019;"LINEA 271";6102417
2019;"LINEA 273";8197710
2019;"LINEA 275";5042898
2019;"LINEA 276";6963437
2019;"LINEA 277";1643458
2019;"LINEA 278";8461341
2019;"LINEA 28";16162904
2019;"LINEA 281";3384196
2019;"LINEA 283";5765728
2019;"LINEA 284";1677071
2019;"LINEA 288";2756173
2019;"LINEA 289";3822726
2019;"LINEA 29";7097013
2019;"LINEA 291";4425560
2019;"LINEA 293A";2981920
2019;"LINEA 293B";1975226
2019;"LINEA 295";3812662
2019;"LINEA 297";3023269
2019;"LINEA 298";5240455
2019;"LINEA 299";3764518
2019;"LINEA 300";3718256
2019;"LINEA 302";3723478
2019;"LINEA 303";5688736
2019;"LINEA 304";7120821
2019;"LINEA 306";10423110
2019;"LINEA 307";7002323
2019;"LINEA 31";7800535
2019;"LINEA 310";1314822
2019;"LINEA 311";5662479
2019;"LINEA 312";3479250
2019;"LINEA 313";579527
2019;"LINEA 314";8538631
2019;"LINEA 315";4236489
2019;"LINEA 317 BS AS";4127297
2019;"LINEA 318";11915661
2019;"LINEA 32";2667856
2019;"LINEA 320";994386
2019;"LINEA 321 BS AS";1402917
2019;"LINEA 322 BS AS";3049536
2019;"LINEA 323";4341141
2019;"LINEA 324";16806181
2019;"LINEA 325";2359299
2019;"LINEA 326";2601145
2019;"LINEA 327";3826294
2019;"LINEA 328";5388101
2019;"LINEA 329";2745440
2019;"LINEA 33";8109626
2019;"LINEA 333A";3375857
2019;"LINEA 336";1066017
2019;"LINEA 338";11880089
2019;"LINEA 34";8648902
2019;"LINEA 341";8604819
2019;"LINEA 343";8133880
2019;"LINEA 350";4013619
2019;"LINEA 354";6180738
2019;"LINEA 355";399356
2019;"LINEA 36";1272811
2019;"LINEA 365";17020851
2019;"LINEA 37";8211510
2019;"LINEA 370";2029791
2019;"LINEA 371";6837744
2019;"LINEA 372";1134787
2019;"LINEA 373";3006497
2019;"LINEA 378";8026338
2019;"LINEA 379";263700
2019;"LINEA 382";4227845
2019;"LINEA 383";3625124
2019;"LINEA 384";1426817
2019;"LINEA 385";2694731
2019;"LINEA 386";866357
2019;"LINEA 388";1039025
2019;"LINEA 39";10289652
2019;"LINEA 390";1987590
2019;"LINEA 391";5090123
2019;"LINEA 392";1240659
2019;"LINEA 394";4354572
2019;"LINEA 395";3761498
2019;"LINEA 4";4505185
2019;"LINEA 403";118944
2019;"LINEA 404";5749308
2019;"LINEA 405";3162291
2019;"LINEA 406";5426125
2019;"LINEA 407";2965936
2019;"LINEA 41";7913693
2019;"LINEA 410";1942565
2019;"LINEA 414";293449
2019;"LINEA 418";468058
2019;"LINEA 42";5683804
2019;"LINEA 421";583256
2019;"LINEA 422";5679848
2019;"LINEA 429";342829
2019;"LINEA 430";630731
2019;"LINEA 435";652320
2019;"LINEA 436";891488
2019;"LINEA 437";2641586
2019;"LINEA 44";5295177
2019;"LINEA 440";18738926
2019;"LINEA 441";3429568
2019;"LINEA 443";286230
2019;"LINEA 443A";1762579
2019;"LINEA 445";1567399
2019;"LINEA 446";6
2019;"LINEA 448";9238189
2019;"LINEA 449";3749723
2019;"LINEA 45";5889972
2019;"LINEA 452 LANCHAS";6054
2019;"LINEA 46";4581069
2019;"LINEA 461";649068
2019;"LINEA 462";490388
2019;"LINEA 463";3559545
2019;"LINEA 464";2142299
2019;"LINEA 47";5625149
2019;"LINEA 49";2228291
2019;"LINEA 5";5878101
2019;"LINEA 50";4715611
2019;"LINEA 500";8140404
2019;"LINEA 500-503";302255
2019;"LINEA 500B";264841
2019;"LINEA 500C";399265
2019;"LINEA 500D";10240961
2019;"LINEA 500H";1063222
2019;"LINEA 501 A";10212323
2019;"LINEA 501B";2881516
2019;"LINEA 501C";17701575
2019;"LINEA 501D";379948
2019;"LINEA 501E";651841
2019;"LINEA 501F";1374943
2019;"LINEA 501G";31492569
2019;"LINEA 501H";307392
2019;"LINEA 501I";2123238
2019;"LINEA 502";103832
2019;"LINEA 502 SUR";2378347
2019;"LINEA 502A";45177
2019;"LINEA 502B";313809
2019;"LINEA 503";926021
2019;"LINEA 503 B";2815258
2019;"LINEA 503 ESTE";6568181
2019;"LINEA 503 ESTE LA PLATA";1221175
2019;"LINEA 503A BS AS";6872818
2019;"LINEA 503C";511320
2019;"LINEA 503E";578928
2019;"LINEA 503H";714522
2019;"LINEA 504 ITUZAINGO";139551
2019;"LINEA 504A";11964129
2019;"LINEA 504B";265282
2019;"LINEA 504C";976117
2019;"LINEA 505 AMBA ALMIRANTE BROWN";3691226
2019;"LINEA 505 D";2578415
2019;"LINEA 505A";27585
2019;"LINEA 505C";227141
2019;"LINEA 506";1151230
2019;"LINEA 506 AMBA ALMIRANTE BROWN";6170330
2019;"LINEA 506A";1068075
2019;"LINEA 506B";38724
2019;"LINEA 506F";2123206
2019;"LINEA 507";778528
2019;"LINEA 507B";443131
2019;"LINEA 508";918399
2019;"LINEA 508A";892674
2019;"LINEA 508C";219113
2019;"LINEA 509";807906
2019;"LINEA 509C";619431
2019;"LINEA 509D";294851
2019;"LINEA 51";5367171
2019;"LINEA 510A";1095574
2019;"LINEA 510B";5350133
2019;"LINEA 511";1140415
2019;"LINEA 511A";1928
2019;"LINEA 511B";2546102
2019;"LINEA 512";396209
2019;"LINEA 513";10482
2019;"LINEA 513A";1358677
2019;"LINEA 514";6688546
2019;"LINEA 514BA";9999
2019;"LINEA 515";4121121
2019;"LINEA 518";7977949
2019;"LINEA 518 LA PLATA";207804
2019;"LINEA 520A";4501078
2019;"LINEA 520B";3284822
2019;"LINEA 520C";2591957
2019;"LINEA 521 A";1516660
2019;"LINEA 521 AMBA ALMIRANTE BROWN";412449
2019;"LINEA 522";281284
2019;"LINEA 523";1331263
2019;"LINEA 524";2016957
2019;"LINEA 526";3195391
2019;"LINEA 527";953280
2019;"LINEA 53";9572035
2019;"LINEA 532";1202356
2019;"LINEA 540 BSAS";3499568
2019;"LINEA 541";3560803
2019;"LINEA 542";1318999
2019;"LINEA 543";4487061
2019;"LINEA 544";3729837
2019;"LINEA 548";2378513
2019;"LINEA 549";764864
2019;"LINEA 55";6290897
2019;"LINEA 550 BSAS";2001371
2019;"LINEA 551";813049
2019;"LINEA 552 BSAS";2279515
2019;"LINEA 553 BSAS";2337055
2019;"LINEA 56";3535861
2019;"LINEA 561";1078150
2019;"LINEA 561B";237308
2019;"LINEA 562";2337851
2019;"LINEA 564";2763016
2019;"LINEA 57";8554441
2019;"LINEA 570";2822561
2019;"LINEA 580";1295558
2019;"LINEA 582";3016417
2019;"LINEA 583";2261670
2019;"LINEA 584";2126154
2019;"LINEA 585";4813588
2019;"LINEA 586";395860
2019;"LINEA 59";13846240
2019;"LINEA 6";2558375
2019;"LINEA 60";18269034
2019;"LINEA 603";4052683
2019;"LINEA 619";2367305
2019;"LINEA 62";2263202
2019;"LINEA 620";17655711
2019;"LINEA 621";6501837
2019;"LINEA 622";7111470
2019;"LINEA 624";6288896
2019;"LINEA 628";838644
2019;"LINEA 63";5834670
2019;"LINEA 630";3096270
2019;"LINEA 634";3447767
2019;"LINEA 635 BS AS";1830938
2019;"LINEA 64";5638295
2019;"LINEA 65";5698520
2019;"LINEA 67";6166560
2019;"LINEA 670";7508500
2019;"LINEA 68";9138326
2019;"LINEA 6JUL";467074
2019;"LINEA 7";3741865
2019;"LINEA 70";4964357
2019;"LINEA 707";9079915
2019;"LINEA 71";8984229
2019;"LINEA 710";4797951
2019;"LINEA 720";11737519
2019;"LINEA 721";7678051
2019;"LINEA 722";1161744
2019;"LINEA 723";2868385
2019;"LINEA 74";2960141
2019;"LINEA 740";6399658
2019;"LINEA 741";2932850
2019;"LINEA 749";6894026
2019;"LINEA 75";1678040
2019;"LINEA 76";5249825
2019;"LINEA 78";5788194
2019;"LINEA 79";4081389
2019;"LINEA 8";6228102
2019;"LINEA 80";8766880
2019;"LINEA 84";4307592
2019;"LINEA 85";10327882
2019;"LINEA 86";4904300
2019;"LINEA 87";5272089
2019;"LINEA 88";4141447
2019;"LINEA 9";6011723
2019;"LINEA 90";2474586
2019;"LINEA 91";6782758
2019;"LINEA 92";8881298
2019;"LINEA 93";4081681
2019;"LINEA 95";4332059
2019;"LINEA 96";10952308
2019;"LINEA 97";2487870
2019;"LINEA 98";12378272
2019;"LINEA A";41432605
2019;"LINEA B";47880916
2019;"LINEA C";28766635
2019;"LINEA D";43580949
2019;"LINEA E";13660233
2019;"LINEA H";18552223
2019;"LINEA OESTE";11414321
2019;"LINEA PREMETRO";421451
2019;LINEA_099;3179471
2019;"LINEA_NORTE MUNICIPAL";3406291
2019;MATIENZO-CEMENTERIO;70476
2019;NORMAL;401141693
2019;PARQUE-FAVALORO;694
2019;"PARQUE-TOMAS JOFRE";3898
2019;"SARMIENTO DIESEL MORENO - MERCEDES";25666
2019;"SARMIENTO MERLO - LOBOS";827771
2018;BSAS_LINEA_504_ITUZAINGO;233520
2018;"FFCC BELGRANO NORTE";24315036
2018;"FFCC BELGRANO SUR";15958895
2018;"FFCC MITRE";1120635
2018;"FFCC MITRE CAPILLA DEL SEÑOR";43282
2018;"FFCC MITRE-SUAREZ";29341911
2018;"FFCC MITRE-TIGRE";32209551
2018;"FFCC MITRE-ZARATE";65090
2018;"FFCC ROCA";168661560
2018;"FFCC SAN MARTIN";30490941
2018;"FFCC SARMIENTO";81445290
2018;"FFCC TREN DE LA COSTA";440245
2018;"FFCC URQUIZA";27885982
2018;FFCC_ROCA_CAÑUELAS-LOBOS;2607
2018;FFCC_ROCA_CAÑUELAS-MONTE;5897
2018;FFCC_ROCA_KORN-CHASCOMUS;38306
2018;FFCC_ROCA_UNIVERSITARIO;26837
2018;"LINEA 031";13458169
2018;"LINEA 061";3572125
2018;"LINEA 1";4635720
2018;"LINEA 10";9468536
2018;"LINEA 100";13404378
2018;"LINEA 101";14778025
2018;"LINEA 102";8381731
2018;"LINEA 103";9507171
2018;"LINEA 104";31
2018;"LINEA 105";11268647
2018;"LINEA 106";13317307
2018;"LINEA 107";11753690
2018;"LINEA 108";7124441
2018;"LINEA 109";9480806
2018;"LINEA 110";12838734
2018;"LINEA 111";8256219
2018;"LINEA 112";3135918
2018;"LINEA 113";11783099
2018;"LINEA 114";8363307
2018;"LINEA 115";6989757
2018;"LINEA 117";12468633
2018;"LINEA 118";9059963
2018;"LINEA 12";18916350
2018;"LINEA 123";4362413
2018;"LINEA 124";10217813
2018;"LINEA 126";14215609
2018;"LINEA 127";7478689
2018;"LINEA 128";7669275
2018;"LINEA 129";13372559
2018;"LINEA 130";16107697
2018;"LINEA 132";22514312
2018;"LINEA 133";6992753
2018;"LINEA 134";9256571
2018;"LINEA 135";9192157
2018;"LINEA 136 BS AS";7052083
2018;"LINEA 140";6618147
2018;"LINEA 141";8439547
2018;"LINEA 143";4981560
2018;"LINEA 146";9917839
2018;"LINEA 148";26538744
2018;"LINEA 15";21426438
2018;"LINEA 150";7744160
2018;"LINEA 151";10557281
2018;"LINEA 152";30868632
2018;"LINEA 153 BS AS";4140519
2018;"LINEA 154";1736253
2018;"LINEA 158";5469263
2018;"LINEA 159";26002264
2018;"LINEA 160";17600400
2018;"LINEA 161";18785849
2018;"LINEA 163 BS AS";4654779
2018;"LINEA 165";9313678
2018;"LINEA 166";14550660
2018;"LINEA 168";14879569
2018;"LINEA 169";6183593
2018;"LINEA 17";14506744
2018;"LINEA 172";6417784
2018;"LINEA 174 BS AS";9322949
2018;"LINEA 175";4862133
2018;"LINEA 176";24654176
2018;"LINEA 177";8443884
2018;"LINEA 178";17711502
2018;"LINEA 179";5177102
2018;"LINEA 180";22266619
2018;"LINEA 181";8781530
2018;"LINEA 182";14801872
2018;"LINEA 184";5826309
2018;"LINEA 185";4445503
2018;"LINEA 188";10985109
2018;"LINEA 19";8423117
2018;"LINEA 193";2232438
2018;"LINEA 194";7856355
2018;"LINEA 195";3673489
2018;"LINEA 2";10761378
2018;"LINEA 20";5030064
2018;"LINEA 200";1186342
2018;"LINEA 202";13190831
2018;"LINEA 203";46448929
2018;"LINEA 204";3466112
2018;"LINEA 204B";2365564
2018;"LINEA 205";3905236
2018;"LINEA 21";26152359
2018;"LINEA 214";7265008
2018;"LINEA 215";2403157
2018;"LINEA 218";11258014
2018;"LINEA 219";8469884
2018;"LINEA 22";7944004
2018;"LINEA 222";1704099
2018;"LINEA 225";446774
2018;"LINEA 228 B";2928958
2018;"LINEA 228A";633635
2018;"LINEA 228C";2869499
2018;"LINEA 228E";3436179
2018;"LINEA 228F";4355233
2018;"LINEA 23";4163682
2018;"LINEA 236";32451225
2018;"LINEA 237";19049392
2018;"LINEA 237A";1491806
2018;"LINEA 238";6653513
2018;"LINEA 239A";6534559
2018;"LINEA 239B";2847932
2018;"LINEA 24";13984009
2018;"LINEA 242";28267574
2018;"LINEA 243";1047640
2018;"LINEA 244";3482768
2018;"LINEA 245";2504613
2018;"LINEA 247";16224821
2018;"LINEA 25";7126158
2018;"LINEA 252";6971111
2018;"LINEA 253 BS AS";885650
2018;"LINEA 256";433907
2018;"LINEA 257";12629009
2018;"LINEA 26";9793441
2018;"LINEA 263A";3419137
2018;"LINEA 263B";4491662
2018;"LINEA 264";5385425
2018;"LINEA 266";24918784
2018;"LINEA 269";19967754
2018;"LINEA 271";11082476
2018;"LINEA 273";14731290
2018;"LINEA 275";8788957
2018;"LINEA 276";12776136
2018;"LINEA 277";2986551
2018;"LINEA 278";14949701
2018;"LINEA 28";27855012
2018;"LINEA 281";6238708
2018;"LINEA 283";10899662
2018;"LINEA 284";3020974
2018;"LINEA 288";3633775
2018;"LINEA 289";6942292
2018;"LINEA 29";12780867
2018;"LINEA 291";8551006
2018;"LINEA 293A";5371837
2018;"LINEA 293B";3585370
2018;"LINEA 295";6939131
2018;"LINEA 297";5061354
2018;"LINEA 298";9571053
2018;"LINEA 299";6901084
2018;"LINEA 300";6835764
2018;"LINEA 302";6787883
2018;"LINEA 303";9954387
2018;"LINEA 304";12105366
2018;"LINEA 306";20166385
2018;"LINEA 307";12651355
2018;"LINEA 31";1091340
2018;"LINEA 310";2626655
2018;"LINEA 311";11153772
2018;"LINEA 312";6681581
2018;"LINEA 313";1054283
2018;"LINEA 314";15610100
2018;"LINEA 315";7504586
2018;"LINEA 317 BS AS";7523498
2018;"LINEA 318";20927236
2018;"LINEA 32";700717
2018;"LINEA 320";1742707
2018;"LINEA 321 BS AS";2563519
2018;"LINEA 322 BS AS";6138528
2018;"LINEA 323";7722261
2018;"LINEA 324";30240139
2018;"LINEA 325";4502137
2018;"LINEA 326";2632912
2018;"LINEA 327";6423228
2018;"LINEA 328";9606186
2018;"LINEA 329";5355646
2018;"LINEA 32A";3778660
2018;"LINEA 33";14146108
2018;"LINEA 333";6251623
2018;"LINEA 333A";513862
2018;"LINEA 336";2665632
2018;"LINEA 338";22433209
2018;"LINEA 34";15533826
2018;"LINEA 341";15944140
2018;"LINEA 343";16666140
2018;"LINEA 350";7113594
2018;"LINEA 354";11100023
2018;"LINEA 355";688225
2018;"LINEA 36";2792344
2018;"LINEA 365";31762738
2018;"LINEA 37";14427177
2018;"LINEA 370";3659619
2018;"LINEA 371";12580252
2018;"LINEA 372";2041727
2018;"LINEA 373";5528325
2018;"LINEA 378";14157577
2018;"LINEA 379";603944
2018;"LINEA 382";6895786
2018;"LINEA 383";7417309
2018;"LINEA 384";2378824
2018;"LINEA 385";5151238
2018;"LINEA 386";3585354
2018;"LINEA 388";1799533
2018;"LINEA 39";18769760
2018;"LINEA 390";3482972
2018;"LINEA 391";8665108
2018;"LINEA 392";2673479
2018;"LINEA 394";8299664
2018;"LINEA 395";6675462
2018;"LINEA 4";8551795
2018;"LINEA 403";335524
2018;"LINEA 404";10422523
2018;"LINEA 405";5750692
2018;"LINEA 406";10144743
2018;"LINEA 407";5571420
2018;"LINEA 41";13722986
2018;"LINEA 410";2828502
2018;"LINEA 414";502582
2018;"LINEA 418";905689
2018;"LINEA 42";10051785
2018;"LINEA 421";1045614
2018;"LINEA 422";10321800
2018;"LINEA 429";1125420
2018;"LINEA 430";977172
2018;"LINEA 435";701247
2018;"LINEA 436";1914751
2018;"LINEA 437";5106301
2018;"LINEA 44";9654989
2018;"LINEA 440";34624806
2018;"LINEA 441";6224834
2018;"LINEA 443";606378
2018;"LINEA 443A";3166864
2018;"LINEA 445";3111232
2018;"LINEA 446";411814
2018;"LINEA 448";17274769
2018;"LINEA 449";7618094
2018;"LINEA 45";10342728
2018;"LINEA 46";8354724
2018;"LINEA 461";1171459
2018;"LINEA 462";868688
2018;"LINEA 463";5981988
2018;"LINEA 464";3855339
2018;"LINEA 47";10002859
2018;"LINEA 49";4265394
2018;"LINEA 5";10677508
2018;"LINEA 50";8492106
2018;"LINEA 500";564131
2018;"LINEA 500-503";243701
2018;"LINEA 500B";438734
2018;"LINEA 500C";596404
2018;"LINEA 500D";17681434
2018;"LINEA 500G";6859291
2018;"LINEA 500H";1925423
2018;"LINEA 501 A";18637905
2018;"LINEA 501B";5445117
2018;"LINEA 501C";30866805
2018;"LINEA 501D";681202
2018;"LINEA 501E";1011638
2018;"LINEA 501F";2394149
2018;"LINEA 501G";58011655
2018;"LINEA 501H";484705
2018;"LINEA 501I";4132407
2018;"LINEA 502";148541
2018;"LINEA 502 SUR";299125
2018;"LINEA 502A";102149
2018;"LINEA 502B";556489
2018;"LINEA 503";2793963
2018;"LINEA 503 B";4715624
2018;"LINEA 503 ESTE";11410775
2018;"LINEA 503 ESTE LA PLATA";2171949
2018;"LINEA 503A BS AS";12471299
2018;"LINEA 503C";1102583
2018;"LINEA 503E";76308
2018;"LINEA 503H";103280
2018;"LINEA 503H (RIVAS)";1253949
2018;"LINEA 504 ITUZAINGO";45059
2018;"LINEA 504A";21715207
2018;"LINEA 504B";236466
2018;"LINEA 504C";1789242
2018;"LINEA 505 AMBA ALMIRANTE BROWN";6717609
2018;"LINEA 505 D";4677747
2018;"LINEA 505A";723
2018;"LINEA 505C";818218
2018;"LINEA 505E";15343
2018;"LINEA 506";1940819
2018;"LINEA 506 AMBA ALMIRANTE BROWN";11244229
2018;"LINEA 506A";1944126
2018;"LINEA 506B";26516
2018;"LINEA 506F";3455671
2018;"LINEA 507";1567480
2018;"LINEA 507B";1031605
2018;"LINEA 508";1658091
2018;"LINEA 508A";1754011
2018;"LINEA 508C";404718
2018;"LINEA 509";1885078
2018;"LINEA 509C";1245136
2018;"LINEA 509D";34419
2018;"LINEA 51";8969677
2018;"LINEA 510A";2029040
2018;"LINEA 510B";9458547
2018;"LINEA 511";1718519
2018;"LINEA 511A";8159
2018;"LINEA 511B";4560259
2018;"LINEA 512";658570
2018;"LINEA 513";25525
2018;"LINEA 513A";2040539
2018;"LINEA 514";11460804
2018;"LINEA 514BA";5082
2018;"LINEA 515";7438681
2018;"LINEA 518";14550897
2018;"LINEA 518 LA PLATA";416978
2018;"LINEA 520A";8526520
2018;"LINEA 520B";5794276
2018;"LINEA 520C";4598071
2018;"LINEA 521 A";2669206
2018;"LINEA 521 AMBA ALMIRANTE BROWN";773987
2018;"LINEA 522";451486
2018;"LINEA 523";2442856
2018;"LINEA 524";3764309
2018;"LINEA 526";5594566
2018;"LINEA 527";1802821
2018;"LINEA 53";17647808
2018;"LINEA 532";5065671
2018;"LINEA 540 BSAS";5958403
2018;"LINEA 541";6374159
2018;"LINEA 542";4400128
2018;"LINEA 543";7637682
2018;"LINEA 544";6500547
2018;"LINEA 548";4262134
2018;"LINEA 549";1253921
2018;"LINEA 55";11817864
2018;"LINEA 550 BSAS";3732817
2018;"LINEA 551";2688233
2018;"LINEA 552 BSAS";4242368
2018;"LINEA 553 BSAS";4223653
2018;"LINEA 56";6570120
2018;"LINEA 561";1837793
2018;"LINEA 561B";451630
2018;"LINEA 562";4098893
2018;"LINEA 564";4990283
2018;"LINEA 57";15705425
2018;"LINEA 570";5705882
2018;"LINEA 580";2433897
2018;"LINEA 582";6094923
2018;"LINEA 583";3986922
2018;"LINEA 584";3979735
2018;"LINEA 585";8598337
2018;"LINEA 586";984263
2018;"LINEA 59";24445886
2018;"LINEA 6";4860704
2018;"LINEA 60";30084896
2018;"LINEA 603";6941691
2018;"LINEA 61";64676
2018;"LINEA 619";4628393
2018;"LINEA 62";3607518
2018;"LINEA 620";30771492
2018;"LINEA 621";11599349
2018;"LINEA 622";13024924
2018;"LINEA 624";11547210
2018;"LINEA 628";1564740
2018;"LINEA 63";10377477
2018;"LINEA 630";5823107
2018;"LINEA 634";6392267
2018;"LINEA 635 BS AS";3124782
2018;"LINEA 64";9969630
2018;"LINEA 65";10507681
2018;"LINEA 67";10107762
2018;"LINEA 670";13467489
2018;"LINEA 68";16626951
2018;"LINEA 6JUL";50413
2018;"LINEA 7";6629712
2018;"LINEA 70";9133126
2018;"LINEA 707";16502559
2018;"LINEA 71";16778453
2018;"LINEA 710";9507591
2018;"LINEA 720";23983380
2018;"LINEA 721";14958935
2018;"LINEA 722";1900812
2018;"LINEA 723";5076355
2018;"LINEA 74";4855752
2018;"LINEA 740";10903454
2018;"LINEA 741";4744948
2018;"LINEA 749";11940583
2018;"LINEA 75";2973897
2018;"LINEA 76";9997667
2018;"LINEA 78";10426589
2018;"LINEA 79";6640046
2018;"LINEA 8";11290320
2018;"LINEA 80";16255803
2018;"LINEA 84";7736295
2018;"LINEA 85";19594767
2018;"LINEA 86";8939306
2018;"LINEA 87";9768054
2018;"LINEA 88";8524413
2018;"LINEA 9";11406185
2018;"LINEA 90";4890667
2018;"LINEA 91";12520789
2018;"LINEA 92";16788824
2018;"LINEA 93";7813453
2018;"LINEA 95";7877823
2018;"LINEA 96";20370112
2018;"LINEA 97";4918988
2018;"LINEA 98";22588681
2018;"LINEA 99";79483
2018;"LINEA A";67330086
2018;"LINEA B";88238734
2018;"LINEA C";52005666
2018;"LINEA D";78150460
2018;"LINEA E";22387115
2018;"LINEA H";31116324
2018;"LINEA OESTE";19852194
2018;"LINEA PREMETRO";780403
2018;"LINEA SIN NUMERO (COOP 6 DE JULIO)";749687
2018;"LINEA SUR MUNICIPAL";3800722
2018;LINEA_099;5393677
2018;LINEA_500-503;3569503
2018;"LINEA_NORTE MUNICIPAL";430387
2018;"NORTE MUNICIPAL";5730264
2018;"SARMIENTO DIESEL MORENO - MERCEDES";30838
2018;"SARMIENTO MERLO - LOBOS";475183
2017;BSAS_LINEA_504_ITUZAINGO;409058
2017;"FFCC BELGRANO NORTE";22096528
2017;"FFCC BELGRANO SUR";11509318
2017;"FFCC MITRE";2639935
2017;"FFCC MITRE-SUAREZ";22212807
2017;"FFCC MITRE-TIGRE";34492750
2017;"FFCC MITRE-ZARATE";14637
2017;"FFCC ROCA";138518785
2017;"FFCC SAN MARTIN";48702482
2017;"FFCC SARMIENTO";60601273
2017;"FFCC TREN DE LA COSTA";195437
2017;"FFCC URQUIZA";20146945
2017;"LINEA 031";14891393
2017;"LINEA 1";4903728
2017;"LINEA 10";10163722
2017;"LINEA 100";14336427
2017;"LINEA 101";10758462
2017;"LINEA 102";8841556
2017;"LINEA 103";10055905
2017;"LINEA 104";76005
2017;"LINEA 105";11165348
2017;"LINEA 106";13462047
2017;"LINEA 107";11556858
2017;"LINEA 108";7087746
2017;"LINEA 109";9387733
2017;"LINEA 110";13035361
2017;"LINEA 111";8155799
2017;"LINEA 112";3717841
2017;"LINEA 113";12447373
2017;"LINEA 114";10350049
2017;"LINEA 115";7601230
2017;"LINEA 117";12753170
2017;"LINEA 118";10130447
2017;"LINEA 12";20366497
2017;"LINEA 123";4229283
2017;"LINEA 124";10542723
2017;"LINEA 126";14935636
2017;"LINEA 127";7949631
2017;"LINEA 128";7633215
2017;"LINEA 129";15478646
2017;"LINEA 130";14786497
2017;"LINEA 132";23963799
2017;"LINEA 133";7776320
2017;"LINEA 134";9021031
2017;"LINEA 135";9384339
2017;"LINEA 136 BS AS";8370173
2017;"LINEA 140";8532602
2017;"LINEA 141";8890936
2017;"LINEA 143";6174804
2017;"LINEA 146";10491303
2017;"LINEA 148";16922619
2017;"LINEA 15";22814281
2017;"LINEA 150";7989604
2017;"LINEA 151";11428027
2017;"LINEA 152";30069192
2017;"LINEA 153 BS AS";4279911
2017;"LINEA 154";1795082
2017;"LINEA 158";5613446
2017;"LINEA 159";27699166
2017;"LINEA 160";17696137
2017;"LINEA 161";19149357
2017;"LINEA 163 BS AS";5133441
2017;"LINEA 165";11225125
2017;"LINEA 166";15267480
2017;"LINEA 168";14362492
2017;"LINEA 169";6741587
2017;"LINEA 17";15115160
2017;"LINEA 172";7026149
2017;"LINEA 174 BS AS";9894895
2017;"LINEA 175";5179386
2017;"LINEA 176";24598590
2017;"LINEA 177";9108961
2017;"LINEA 178";18717615
2017;"LINEA 179";5379915
2017;"LINEA 180";24015943
2017;"LINEA 181";8559324
2017;"LINEA 182";15759672
2017;"LINEA 184";6166863
2017;"LINEA 185";4960658
2017;"LINEA 188";12109595
2017;"LINEA 19";8266779
2017;"LINEA 193";2530412
2017;"LINEA 194";8782020
2017;"LINEA 195";4141298
2017;"LINEA 2";10878509
2017;"LINEA 20";5896545
2017;"LINEA 200";1194161
2017;"LINEA 202";13408816
2017;"LINEA 203";44925851
2017;"LINEA 204";4269833
2017;"LINEA 204B";2559076
2017;"LINEA 205";4408503
2017;"LINEA 21";26826614
2017;"LINEA 214";7277042
2017;"LINEA 215";2297887
2017;"LINEA 218";11599170
2017;"LINEA 219";8905132
2017;"LINEA 22";5198698
2017;"LINEA 222";1364656
2017;"LINEA 225";417610
2017;"LINEA 228 B";3206160
2017;"LINEA 228A";868225
2017;"LINEA 228C";2910680
2017;"LINEA 228E";3718445
2017;"LINEA 228F";4469488
2017;"LINEA 23";4504994
2017;"LINEA 236";29692957
2017;"LINEA 237";22507639
2017;"LINEA 238";10629570
2017;"LINEA 239A";6429485
2017;"LINEA 239B";2868438
2017;"LINEA 24";14440056
2017;"LINEA 242";29817000
2017;"LINEA 243";1420534
2017;"LINEA 244";3745798
2017;"LINEA 245";2527063
2017;"LINEA 247";17501800
2017;"LINEA 25";7334718
2017;"LINEA 252";7043539
2017;"LINEA 253 BS AS";831017
2017;"LINEA 256";463091
2017;"LINEA 257";13552448
2017;"LINEA 26";10957866
2017;"LINEA 263A";3528202
2017;"LINEA 263B";4683670
2017;"LINEA 264";5780045
2017;"LINEA 266";24796749
2017;"LINEA 269";20112862
2017;"LINEA 271";11876690
2017;"LINEA 273";14706655
2017;"LINEA 275";8927377
2017;"LINEA 276";13148362
2017;"LINEA 277";3171879
2017;"LINEA 278";14601255
2017;"LINEA 28";27528871
2017;"LINEA 281";6095740
2017;"LINEA 283";11221641
2017;"LINEA 284";3387072
2017;"LINEA 288";3622195
2017;"LINEA 289";7158172
2017;"LINEA 29";13290346
2017;"LINEA 291";9155780
2017;"LINEA 293A";5634056
2017;"LINEA 293B";3322753
2017;"LINEA 295";6913965
2017;"LINEA 297";4901243
2017;"LINEA 298";9689601
2017;"LINEA 299";6966090
2017;"LINEA 300";7370272
2017;"LINEA 302";7518426
2017;"LINEA 303";9697111
2017;"LINEA 304";13197055
2017;"LINEA 306";21604546
2017;"LINEA 307";12856768
2017;"LINEA 310";2669602
2017;"LINEA 311";11624401
2017;"LINEA 312";6938583
2017;"LINEA 313";1031243
2017;"LINEA 314";16478026
2017;"LINEA 315";7930076
2017;"LINEA 317 BS AS";7674362
2017;"LINEA 318";21390702
2017;"LINEA 320";1700006
2017;"LINEA 321 BS AS";2342803
2017;"LINEA 322 BS AS";6496490
2017;"LINEA 323";7920573
2017;"LINEA 324";29568475
2017;"LINEA 325";4403704
2017;"LINEA 326";2594729
2017;"LINEA 327";7052170
2017;"LINEA 328";9417877
2017;"LINEA 329";5465947
2017;"LINEA 32A";4467138
2017;"LINEA 33";14612119
2017;"LINEA 333";6993348
2017;"LINEA 336";2930765
2017;"LINEA 338";24411940
2017;"LINEA 34";15236978
2017;"LINEA 340";3547
2017;"LINEA 341";16867211
2017;"LINEA 343";17709078
2017;"LINEA 350";6972982
2017;"LINEA 354";11565332
2017;"LINEA 355";645906
2017;"LINEA 36";5671665
2017;"LINEA 365";29294409
2017;"LINEA 37";15232576
2017;"LINEA 370";3434130
2017;"LINEA 371";12612052
2017;"LINEA 372";1936256
2017;"LINEA 373";5576440
2017;"LINEA 378";14613229
2017;"LINEA 379";291825
2017;"LINEA 382";6904085
2017;"LINEA 383";8241826
2017;"LINEA 384";2164066
2017;"LINEA 385";4805127
2017;"LINEA 386";3630105
2017;"LINEA 388";1345727
2017;"LINEA 39";18741024
2017;"LINEA 390";3566164
2017;"LINEA 391";9365412
2017;"LINEA 392";3136101
2017;"LINEA 394";8564074
2017;"LINEA 395";6671348
2017;"LINEA 4";8870426
2017;"LINEA 403";257712
2017;"LINEA 404";10489221
2017;"LINEA 405";5373024
2017;"LINEA 406";10715365
2017;"LINEA 407";5634689
2017;"LINEA 41";13658075
2017;"LINEA 410";2706375
2017;"LINEA 414";533343
2017;"LINEA 418";1015072
2017;"LINEA 42";10123217
2017;"LINEA 421";1071338
2017;"LINEA 422";10680529
2017;"LINEA 429";1463696
2017;"LINEA 430";760876
2017;"LINEA 435";1276334
2017;"LINEA 436";2572421
2017;"LINEA 437";5243911
2017;"LINEA 44";9959769
2017;"LINEA 440";35666359
2017;"LINEA 441";6274425
2017;"LINEA 443";659446
2017;"LINEA 443A";3097689
2017;"LINEA 445";3149484
2017;"LINEA 446";494952
2017;"LINEA 448";17167962
2017;"LINEA 449";6787534
2017;"LINEA 45";11218630
2017;"LINEA 46";8648873
2017;"LINEA 461";1167802
2017;"LINEA 462";880728
2017;"LINEA 463";6220947
2017;"LINEA 464";3908672
2017;"LINEA 47";10963927
2017;"LINEA 49";4242348
2017;"LINEA 5";11150769
2017;"LINEA 50";9062449
2017;"LINEA 500A BSAS OLAVARRIA";171250
2017;"LINEA 500B";358833
2017;"LINEA 500B BSAS OLAVARRIA";121889
2017;"LINEA 500C";608912
2017;"LINEA 500D";17644841
2017;"LINEA 500G";7401916
2017;"LINEA 500H";2084476
2017;"LINEA 501 A";18071704
2017;"LINEA 501 BSAS OLAVARRIA";112157
2017;"LINEA 501B";5464301
2017;"LINEA 501C";32721442
2017;"LINEA 501D";734252
2017;"LINEA 501E";866363
2017;"LINEA 501F";2549028
2017;"LINEA 501G";59784037
2017;"LINEA 501H";465480
2017;"LINEA 501I";4315922
2017;"LINEA 502";100386
2017;"LINEA 502 BSAS OLAVARRIA";106098
2017;"LINEA 502A";117734
2017;"LINEA 502B";606937
2017;"LINEA 503";3275929
2017;"LINEA 503 B";4762459
2017;"LINEA 503 BSAS OLAVARRIA";127876
2017;"LINEA 503 ESTE";10615069
2017;"LINEA 503 ESTE LA PLATA";2161728
2017;"LINEA 503A BS AS";12955952
2017;"LINEA 503C";1048431
2017;"LINEA 503H (RIVAS)";1426817
2017;"LINEA 504 BSAS OLAVARRIA";167442
2017;"LINEA 504A";22499298
2017;"LINEA 504B";264640
2017;"LINEA 504C";1752182
2017;"LINEA 505";2212497
2017;"LINEA 505 D";4411883
2017;"LINEA 505C";753663
2017;"LINEA 505E";34357
2017;"LINEA 506";2188381
2017;"LINEA 506A";2136438
2017;"LINEA 506B";53121
2017;"LINEA 506C";4338297
2017;"LINEA 506F";3581692
2017;"LINEA 507";1767485
2017;"LINEA 507B";1064855
2017;"LINEA 508";1769854
2017;"LINEA 508A";1889959
2017;"LINEA 508C";477684
2017;"LINEA 509";1745037
2017;"LINEA 509C";1184944
2017;"LINEA 51";8195492
2017;"LINEA 510A";2037325
2017;"LINEA 510B";9607679
2017;"LINEA 511";997988
2017;"LINEA 511A";13799
2017;"LINEA 511B";4528987
2017;"LINEA 512";703512
2017;"LINEA 513";38222
2017;"LINEA 513A";2255709
2017;"LINEA 514";11788367
2017;"LINEA 515";7982627
2017;"LINEA 518";14896818
2017;"LINEA 518 LA PLATA";549571
2017;"LINEA 520A";8774653
2017;"LINEA 520B";6014610
2017;"LINEA 520C";4264949
2017;"LINEA 521 A";2870028
2017;"LINEA 521B";307133
2017;"LINEA 522";483844
2017;"LINEA 523";2438760
2017;"LINEA 524";3753067
2017;"LINEA 526";5859645
2017;"LINEA 527";1866059
2017;"LINEA 53";17376180
2017;"LINEA 532";5579020
2017;"LINEA 540 BSAS";5950700
2017;"LINEA 541";4501099
2017;"LINEA 542";4083671
2017;"LINEA 543";7822110
2017;"LINEA 544";5784543
2017;"LINEA 548";4317406
2017;"LINEA 55";12534581
2017;"LINEA 550 BSAS";3987702
2017;"LINEA 551";2712300
2017;"LINEA 552 BSAS";4298366
2017;"LINEA 553 BSAS";4126133
2017;"LINEA 56";6722874
2017;"LINEA 561";1876827
2017;"LINEA 561B";465308
2017;"LINEA 562";4205575
2017;"LINEA 564";4972841
2017;"LINEA 57";15535527
2017;"LINEA 570";5921237
2017;"LINEA 580";2498774
2017;"LINEA 582";6666957
2017;"LINEA 583";3769242
2017;"LINEA 584";4329385
2017;"LINEA 585";9026050
2017;"LINEA 586";536001
2017;"LINEA 59";25035042
2017;"LINEA 6";5625342
2017;"LINEA 60";28081935
2017;"LINEA 600";41442
2017;"LINEA 603";6825743
2017;"LINEA 61";3515262
2017;"LINEA 619";4804502
2017;"LINEA 62";3722044
2017;"LINEA 620";34376401
2017;"LINEA 621";11965353
2017;"LINEA 622";13665381
2017;"LINEA 624";12054174
2017;"LINEA 628";1669000
2017;"LINEA 63";10852711
2017;"LINEA 630";4679517
2017;"LINEA 634";6779691
2017;"LINEA 635 BS AS";3228971
2017;"LINEA 64";10754563
2017;"LINEA 65";11386141
2017;"LINEA 67";8814901
2017;"LINEA 670";12046340
2017;"LINEA 68";16820300
2017;"LINEA 7";7368703
2017;"LINEA 70";9636531
2017;"LINEA 707";17307380
2017;"LINEA 71";17733198
2017;"LINEA 710";10275722
2017;"LINEA 720";24767419
2017;"LINEA 721";15775940
2017;"LINEA 722";2264429
2017;"LINEA 723";5405736
2017;"LINEA 74";3833271
2017;"LINEA 740";11584183
2017;"LINEA 741";3617807
2017;"LINEA 749";13484097
2017;"LINEA 75";3252760
2017;"LINEA 76";10669547
2017;"LINEA 78";10022966
2017;"LINEA 79";7930991
2017;"LINEA 8";11898262
2017;"LINEA 80";17128026
2017;"LINEA 84";7872216
2017;"LINEA 85";19976431
2017;"LINEA 86";9539945
2017;"LINEA 87";10300887
2017;"LINEA 88";8775015
2017;"LINEA 9";11963098
2017;"LINEA 90";5774678
2017;"LINEA 91";12439297
2017;"LINEA 92";17241882
2017;"LINEA 93";8668035
2017;"LINEA 95";8603821
2017;"LINEA 96";20365287
2017;"LINEA 97";5263261
2017;"LINEA 98";24181059
2017;"LINEA 99";5248117
2017;"LINEA A";60865763
2017;"LINEA B";84929000
2017;"LINEA C";46437670
2017;"LINEA D";77646497
2017;"LINEA E";21840212
2017;"LINEA H";25527014
2017;"LINEA OESTE";19641015
2017;"LINEA PREMETRO";824416
2017;"LINEA SIN NUMERO (COOP 6 DE JULIO)";944678
2017;"LINEA SUR MUNICIPAL";3825401
2017;"LINEA TREN LIVIANO ESTE";128
2017;LINEA_500-503;4414363
2017;"NORTE MUNICIPAL";6618387
2016;BSAS_LINEA_504_ITUZAINGO;167295
2016;"FFCC BELGRANO NORTE";19865626
2016;"FFCC BELGRANO SUR";7511152
2016;"FFCC MITRE";5692916
2016;"FFCC MITRE-SUAREZ";13694642
2016;"FFCC MITRE-TIGRE";32659450
2016;"FFCC MITRE-ZARATE";2875
2016;"FFCC ROCA";91603304
2016;"FFCC SAN MARTIN";45470244
2016;"FFCC SARMIENTO";56916734
2016;"FFCC TREN DE LA COSTA";145697
2016;"FFCC URQUIZA";17809794
2016;"LINEA 031";15183429
2016;"LINEA 1";5234695
2016;"LINEA 10";10012266
2016;"LINEA 100";14283238
2016;"LINEA 101";14042835
2016;"LINEA 102";8915234
2016;"LINEA 103";10078762
2016;"LINEA 104";444722
2016;"LINEA 105";10566450
2016;"LINEA 106";13412501
2016;"LINEA 107";11162774
2016;"LINEA 108";7045647
2016;"LINEA 109";9895301
2016;"LINEA 110";13263592
2016;"LINEA 111";8362063
2016;"LINEA 112";3658793
2016;"LINEA 113";12355811
2016;"LINEA 114";11294203
2016;"LINEA 115";8570376
2016;"LINEA 117";12780459
2016;"LINEA 118";11326618
2016;"LINEA 12";19936912
2016;"LINEA 123";4288960
2016;"LINEA 124";10165598
2016;"LINEA 126";15168017
2016;"LINEA 127";8307183
2016;"LINEA 128";7814501
2016;"LINEA 129";16360677
2016;"LINEA 130";14797524
2016;"LINEA 132";25275425
2016;"LINEA 133";8755221
2016;"LINEA 134";8587385
2016;"LINEA 135";9358839
2016;"LINEA 136";3445426
2016;"LINEA 136 BS AS";4252563
2016;"LINEA 140";9436528
2016;"LINEA 141";10258588
2016;"LINEA 143";6319957
2016;"LINEA 146";10430388
2016;"LINEA 148";23857489
2016;"LINEA 15";22849808
2016;"LINEA 150";8513414
2016;"LINEA 151";11499620
2016;"LINEA 152";29361937
2016;"LINEA 153";1150952
2016;"LINEA 153 BS AS";2012035
2016;"LINEA 154";1803126
2016;"LINEA 158";5737891
2016;"LINEA 159";27759130
2016;"LINEA 160";19166145
2016;"LINEA 161";18272814
2016;"LINEA 163";969148
2016;"LINEA 163 BS AS";2091369
2016;"LINEA 165";10766570
2016;"LINEA 166";15396299
2016;"LINEA 168";14980301
2016;"LINEA 169";6680465
2016;"LINEA 17";14790941
2016;"LINEA 172";7417243
2016;"LINEA 174";3206029
2016;"LINEA 174 BS AS";4768381
2016;"LINEA 175";5047033
2016;"LINEA 176";24417578
2016;"LINEA 177";10224118
2016;"LINEA 178";18603703
2016;"LINEA 179";5501674
2016;"LINEA 180";24881522
2016;"LINEA 181";8578084
2016;"LINEA 182";16593538
2016;"LINEA 184";6085612
2016;"LINEA 185";5497729
2016;"LINEA 188";12471140
2016;"LINEA 19";7648361
2016;"LINEA 193";2714701
2016;"LINEA 194";9389937
2016;"LINEA 195";4124244
2016;"LINEA 2";11290542
2016;"LINEA 20";5939629
2016;"LINEA 200";1494994
2016;"LINEA 202";13207757
2016;"LINEA 203";45213030
2016;"LINEA 204";4283558
2016;"LINEA 204B";2540891
2016;"LINEA 205";4516044
2016;"LINEA 21";27320499
2016;"LINEA 214";7367483
2016;"LINEA 215";2349235
2016;"LINEA 218";11773498
2016;"LINEA 219";10161427
2016;"LINEA 22";7636542
2016;"LINEA 222";1861062
2016;"LINEA 225";458457
2016;"LINEA 228 B";2910949
2016;"LINEA 228A";635827
2016;"LINEA 228C";2714107
2016;"LINEA 228E";3785365
2016;"LINEA 228F";4548475
2016;"LINEA 23";4920037
2016;"LINEA 236";31161590
2016;"LINEA 237";24732489
2016;"LINEA 238";12296543
2016;"LINEA 239A";5872535
2016;"LINEA 239B";2955727
2016;"LINEA 24";14754253
2016;"LINEA 242";31941398
2016;"LINEA 243";1426584
2016;"LINEA 244";3976601
2016;"LINEA 245";2560425
2016;"LINEA 247";18399531
2016;"LINEA 25";7537840
2016;"LINEA 252";7146582
2016;"LINEA 253";536510
2016;"LINEA 253 BS AS";444549
2016;"LINEA 256";479385
2016;"LINEA 257";13507544
2016;"LINEA 26";11272753
2016;"LINEA 263A";3664926
2016;"LINEA 263B";4722060
2016;"LINEA 264";6132457
2016;"LINEA 266";25026667
2016;"LINEA 269";20751685
2016;"LINEA 271";12061351
2016;"LINEA 273";14973798
2016;"LINEA 275";9398270
2016;"LINEA 276";13018057
2016;"LINEA 277";3347621
2016;"LINEA 278";15476094
2016;"LINEA 28";28325985
2016;"LINEA 281";6213476
2016;"LINEA 283";11750299
2016;"LINEA 284";3864774
2016;"LINEA 288";3721655
2016;"LINEA 289";7943452
2016;"LINEA 29";13456090
2016;"LINEA 291";9511050
2016;"LINEA 293A";5802289
2016;"LINEA 293B";3044031
2016;"LINEA 295";6002681
2016;"LINEA 297";4753585
2016;"LINEA 298";10988892
2016;"LINEA 299";6922167
2016;"LINEA 300";7231284
2016;"LINEA 302";7793796
2016;"LINEA 303";10717229
2016;"LINEA 304";14912449
2016;"LINEA 306";22865839
2016;"LINEA 307";12957047
2016;"LINEA 310";3306701
2016;"LINEA 311";11040695
2016;"LINEA 312";12665329
2016;"LINEA 313";984871
2016;"LINEA 314";17201867
2016;"LINEA 315";8250454
2016;"LINEA 317";2993962
2016;"LINEA 317 BS AS";3695397
2016;"LINEA 318";22082135
2016;"LINEA 320";1878409
2016;"LINEA 321";880805
2016;"LINEA 321 BS AS";1095112
2016;"LINEA 322";2854525
2016;"LINEA 322 BS AS";3088191
2016;"LINEA 323";8240473
2016;"LINEA 324";30234849
2016;"LINEA 325";4431791
2016;"LINEA 326";2918930
2016;"LINEA 327";6998400
2016;"LINEA 328";9372990
2016;"LINEA 329";5357279
2016;"LINEA 32A";4305033
2016;"LINEA 33";15042641
2016;"LINEA 333";7281434
2016;"LINEA 336";3165192
2016;"LINEA 338";24434153
2016;"LINEA 34";15409327
2016;"LINEA 340";32613
2016;"LINEA 341";16952051
2016;"LINEA 343";17177015
2016;"LINEA 350";6717170
2016;"LINEA 354";11961274
2016;"LINEA 355";674471
2016;"LINEA 36";6259771
2016;"LINEA 365";34386304
2016;"LINEA 37";16336861
2016;"LINEA 370";3437995
2016;"LINEA 371";12563669
2016;"LINEA 372";2136609
2016;"LINEA 373";5356247
2016;"LINEA 378";15263241
2016;"LINEA 379";93352
2016;"LINEA 382";7738167
2016;"LINEA 383";8210887
2016;"LINEA 384";2109535
2016;"LINEA 385";4510014
2016;"LINEA 386";3285534
2016;"LINEA 388";881607
2016;"LINEA 39";18305966
2016;"LINEA 390";3878699
2016;"LINEA 391";9362742
2016;"LINEA 392";3288164
2016;"LINEA 394";8662911
2016;"LINEA 395";6812176
2016;"LINEA 4";8835009
2016;"LINEA 403";618220
2016;"LINEA 404";10185122
2016;"LINEA 405";5390003
2016;"LINEA 406";10841106
2016;"LINEA 407";5867249
2016;"LINEA 41";12925321
2016;"LINEA 410";2756658
2016;"LINEA 414";498701
2016;"LINEA 418";961545
2016;"LINEA 42";9876991
2016;"LINEA 421";1127992
2016;"LINEA 422";5283486
2016;"LINEA 429";1315610
2016;"LINEA 430";711752
2016;"LINEA 435";1792083
2016;"LINEA 436";2270220
2016;"LINEA 437";5195794
2016;"LINEA 44";9933678
2016;"LINEA 440";38364429
2016;"LINEA 441";6660314
2016;"LINEA 443";809995
2016;"LINEA 443A";2885361
2016;"LINEA 445";3125178
2016;"LINEA 446";1036969
2016;"LINEA 448";18386344
2016;"LINEA 449";6110066
2016;"LINEA 45";11075577
2016;"LINEA 46";8665034
2016;"LINEA 461";1164276
2016;"LINEA 462";947041
2016;"LINEA 463";6722077
2016;"LINEA 464";4100562
2016;"LINEA 47";11075728
2016;"LINEA 49";4409642
2016;"LINEA 5";11943051
2016;"LINEA 50";9493666
2016;"LINEA 500A BSAS OLAVARRIA";18511
2016;"LINEA 500B";337086
2016;"LINEA 500B BSAS OLAVARRIA";2454
2016;"LINEA 500C";631962
2016;"LINEA 500D";18582043
2016;"LINEA 500G";7606342
2016;"LINEA 500H";1508708
2016;"LINEA 501 A";18268378
2016;"LINEA 501 BSAS OLAVARRIA";7664
2016;"LINEA 501B";5462012
2016;"LINEA 501C";33118044
2016;"LINEA 501D";736688
2016;"LINEA 501E";686066
2016;"LINEA 501F";2697879
2016;"LINEA 501G";62038843
2016;"LINEA 501H";475042
2016;"LINEA 501I";4250042
2016;"LINEA 502";92360
2016;"LINEA 502 BSAS OLAVARRIA";8621
2016;"LINEA 502A";89547
2016;"LINEA 502B";609002
2016;"LINEA 503";6301605
2016;"LINEA 503 B";4754441
2016;"LINEA 503 BSAS OLAVARRIA";10899
2016;"LINEA 503 ESTE";8954519
2016;"LINEA 503 ESTE LA PLATA";1960319
2016;"LINEA 503A";3897568
2016;"LINEA 503A BS AS";5761751
2016;"LINEA 503C";645800
2016;"LINEA 503G";1555458
2016;"LINEA 503H (RIVAS)";1343216
2016;"LINEA 504 BSAS OLAVARRIA";14169
2016;"LINEA 504A";24166848
2016;"LINEA 504B";353440
2016;"LINEA 504C";1537976
2016;"LINEA 504D";17
2016;"LINEA 505";5545089
2016;"LINEA 505 D";4244774
2016;"LINEA 505C";440300
2016;"LINEA 505E";84908
2016;"LINEA 506";2546625
2016;"LINEA 506A";2109393
2016;"LINEA 506B";100039
2016;"LINEA 506C";10908026
2016;"LINEA 506E";981253
2016;"LINEA 506F";2767896
2016;"LINEA 507";1984953
2016;"LINEA 507B";1105261
2016;"LINEA 508";1198998
2016;"LINEA 508A";1727621
2016;"LINEA 508C";418261
2016;"LINEA 509";1892631
2016;"LINEA 509C";781349
2016;"LINEA 51";8505483
2016;"LINEA 510A";2132348
2016;"LINEA 510B";9332290
2016;"LINEA 511";258011
2016;"LINEA 511A";21991
2016;"LINEA 511B";4603344
2016;"LINEA 512";428046
2016;"LINEA 513";189716
2016;"LINEA 513A";2279846
2016;"LINEA 514";12537541
2016;"LINEA 515";7836148
2016;"LINEA 518";15302845
2016;"LINEA 518 LA PLATA";433503
2016;"LINEA 518B";109843
2016;"LINEA 520A";8784590
2016;"LINEA 520B";6030013
2016;"LINEA 520C";4615983
2016;"LINEA 521 A";2731112
2016;"LINEA 521B";839601
2016;"LINEA 522";539616
2016;"LINEA 523";2604190
2016;"LINEA 524";3618626
2016;"LINEA 526";6142961
2016;"LINEA 527";2079009
2016;"LINEA 53";16408377
2016;"LINEA 532";5686770
2016;"LINEA 540 BSAS";2970736
2016;"LINEA 540A";2825599
2016;"LINEA 541";5764830
2016;"LINEA 542";4309729
2016;"LINEA 543";7441239
2016;"LINEA 544";6520239
2016;"LINEA 548";4297163
2016;"LINEA 549";886547
2016;"LINEA 55";13043946
2016;"LINEA 550 BSAS";2065039
2016;"LINEA 550A";2165383
2016;"LINEA 551";2639021
2016;"LINEA 552 BSAS";2134859
2016;"LINEA 552A";2182104
2016;"LINEA 553 BSAS";2123720
2016;"LINEA 553A";2129828
2016;"LINEA 56";6781392
2016;"LINEA 561";1868156
2016;"LINEA 561B";395662
2016;"LINEA 562";4133260
2016;"LINEA 564";5283938
2016;"LINEA 57";14693748
2016;"LINEA 570";6482695
2016;"LINEA 580";2575381
2016;"LINEA 582";6981699
2016;"LINEA 583";3726169
2016;"LINEA 584";4695575
2016;"LINEA 585";9085836
2016;"LINEA 586";84833
2016;"LINEA 59";23821870
2016;"LINEA 6";6207109
2016;"LINEA 60";31040876
2016;"LINEA 600";42440
2016;"LINEA 603";6654943
2016;"LINEA 61";4257821
2016;"LINEA 619";5013955
2016;"LINEA 62";4159556
2016;"LINEA 620";35338226
2016;"LINEA 621";12055455
2016;"LINEA 622";13435709
2016;"LINEA 624";13536476
2016;"LINEA 628";1637173
2016;"LINEA 63";10043272
2016;"LINEA 630";6642752
2016;"LINEA 634";7291892
2016;"LINEA 635";817659
2016;"LINEA 635 BS AS";1490668
2016;"LINEA 64";11019614
2016;"LINEA 65";11382621
2016;"LINEA 67";8767771
2016;"LINEA 670";12686111
2016;"LINEA 68";15265780
2016;"LINEA 7";7788531
2016;"LINEA 70";9832813
2016;"LINEA 707";17979618
2016;"LINEA 71";17974223
2016;"LINEA 710";10385403
2016;"LINEA 720";23759515
2016;"LINEA 721";16175608
2016;"LINEA 722";2310626
2016;"LINEA 723";5490057
2016;"LINEA 74";4293932
2016;"LINEA 740";12432705
2016;"LINEA 741";5071763
2016;"LINEA 749";13810550
2016;"LINEA 75";3356135
2016;"LINEA 76";10939317
2016;"LINEA 78";9543094
2016;"LINEA 79";8250006
2016;"LINEA 8";12346978
2016;"LINEA 80";17356052
2016;"LINEA 84";7717792
2016;"LINEA 85";19999007
2016;"LINEA 86";10412500
2016;"LINEA 87";10823400
2016;"LINEA 88";8829813
2016;"LINEA 9";11539074
2016;"LINEA 90";6026145
2016;"LINEA 91";11743030
2016;"LINEA 92";17582365
2016;"LINEA 93";8910689
2016;"LINEA 95";8625600
2016;"LINEA 96";20183018
2016;"LINEA 97";5440671
2016;"LINEA 98";24313613
2016;"LINEA 99";5340605
2016;"LINEA A";55144693
2016;"LINEA B";80397484
2016;"LINEA C";44660901
2016;"LINEA D";77629581
2016;"LINEA E";19912240
2016;"LINEA H";16963461
2016;"LINEA OESTE";20132156
2016;"LINEA PREMETRO";746839
2016;"LINEA SIN NUMERO (COOP 6 DE JULIO)";871421
2016;"LINEA SUR MUNICIPAL";3835865
2016;LINEA_500-503;3977832
2016;"NORTE MUNICIPAL";6529219
